﻿<?xml version="1.0" encoding="UTF-8"?>
<Form xmlns="http://v8.1c.ru/8.3/xcf/logform" xmlns:app="http://v8.1c.ru/8.2/managed-application/core" xmlns:cfg="http://v8.1c.ru/8.1/data/enterprise/current-config" xmlns:dcscor="http://v8.1c.ru/8.1/data-composition-system/core" xmlns:dcsset="http://v8.1c.ru/8.1/data-composition-system/settings" xmlns:ent="http://v8.1c.ru/8.1/data/enterprise" xmlns:lf="http://v8.1c.ru/8.2/managed-application/logform" xmlns:style="http://v8.1c.ru/8.1/data/ui/style" xmlns:sys="http://v8.1c.ru/8.1/data/ui/fonts/system" xmlns:v8="http://v8.1c.ru/8.1/data/core" xmlns:v8ui="http://v8.1c.ru/8.1/data/ui" xmlns:web="http://v8.1c.ru/8.1/data/ui/colors/web" xmlns:win="http://v8.1c.ru/8.1/data/ui/colors/windows" xmlns:xr="http://v8.1c.ru/8.3/xcf/readable" xmlns:xs="http://www.w3.org/2001/XMLSchema" xmlns:xsi="http://www.w3.org/2001/XMLSchema-instance" version="2.9">
	<AutoCommandBar name="ФормаКоманднаяПанель" id="-1">
		<ChildItems>
			<Button name="ФормаЗакрыть" id="31">
				<Type>CommandBarButton</Type>
				<Representation>PictureAndText</Representation>
				<DefaultButton>true</DefaultButton>
				<CommandName>Form.StandardCommand.Close</CommandName>
				<Title>
					<v8:item>
						<v8:lang>ru</v8:lang>
						<v8:content>Пропустить</v8:content>
					</v8:item>
					<v8:item>
						<v8:lang>en</v8:lang>
						<v8:content>Пропустить</v8:content>
					</v8:item>
					<v8:item>
						<v8:lang>uk</v8:lang>
						<v8:content>Пропустить</v8:content>
					</v8:item>
				</Title>
				<ExtendedTooltip name="ФормаЗакрытьРасширеннаяПодсказка" id="32"/>
			</Button>
			<Button name="ФормаВыполнить" id="1">
				<Type>CommandBarButton</Type>
				<CommandName>Form.Command.Выполнить</CommandName>
				<ExtendedTooltip name="ФормаВыполнитьРасширеннаяПодсказка" id="2"/>
			</Button>
		</ChildItems>
	</AutoCommandBar>
	<Events>
		<Event name="OnOpen">ПриОткрытии</Event>
		<Event name="OnCreateAtServer">ПриСозданииНаСервере</Event>
		<Event name="OnClose">ПриЗакрытии</Event>
	</Events>
	<ChildItems>
		<UsualGroup name="Группа1" id="64">
			<Title>
				<v8:item>
					<v8:lang>ru</v8:lang>
					<v8:content>Глобальное меню</v8:content>
				</v8:item>
				<v8:item>
					<v8:lang>en</v8:lang>
					<v8:content>Глобальное меню</v8:content>
				</v8:item>
				<v8:item>
					<v8:lang>uk</v8:lang>
					<v8:content>Глобальное меню</v8:content>
				</v8:item>
			</Title>
			<Height>4</Height>
			<Group>AlwaysHorizontal</Group>
			<Representation>StrongSeparation</Representation>
			<BackColor>#FFFF99</BackColor>
			<ExtendedTooltip name="Группа1РасширеннаяПодсказка" id="65"/>
			<ChildItems>
				<PictureDecoration name="Декорация2" id="91">
					<Width>2</Width>
					<Picture>
						<xr:Ref>StdPicture.AppearanceExclamationMarkIcon</xr:Ref>
						<xr:LoadTransparent>true</xr:LoadTransparent>
					</Picture>
					<ContextMenu name="Декорация2КонтекстноеМеню" id="92"/>
					<ExtendedTooltip name="Декорация2РасширеннаяПодсказка" id="93"/>
				</PictureDecoration>
				<LabelDecoration name="ДекорацияГлобальныеКоманды" id="52">
					<AutoMaxWidth>false</AutoMaxWidth>
					<HorizontalStretch>true</HorizontalStretch>
					<TextColor>style:FieldSelectionBackColor</TextColor>
					<Title formatted="false">
						<v8:item>
							<v8:lang>ru</v8:lang>
							<v8:content>Глобальное контекстное меню подсистемы вызывается сочетанием CTRL+~(тильда или ё) в любой управляемой форме. Это НЕ требует адаптации расширения.</v8:content>
						</v8:item>
						<v8:item>
							<v8:lang>en</v8:lang>
							<v8:content>Глобальное контекстное меню подсистемы вызывается сочетанием CTRL+~(тильда или ё) в любой управляемой форме. Это НЕ требует адаптации расширения.</v8:content>
						</v8:item>
						<v8:item>
							<v8:lang>uk</v8:lang>
							<v8:content>Глобальное контекстное меню подсистемы вызывается сочетанием CTRL+~(тильда или ё) в любой управляемой форме. Это НЕ требует адаптации расширения.</v8:content>
						</v8:item>
					</Title>
					<ContextMenu name="ДекорацияГлобальныеКомандыКонтекстноеМеню" id="53"/>
					<ExtendedTooltip name="ДекорацияГлобальныеКомандыРасширеннаяПодсказка" id="54"/>
				</LabelDecoration>
			</ChildItems>
		</UsualGroup>
		<CheckBoxField name="Использование" id="77">
			<DataPath>ОткрыватьАдаптациюПриОбновлении</DataPath>
			<Title>
				<v8:item>
					<v8:lang>ru</v8:lang>
					<v8:content>Открывать это окно при следующем обновлении расширения</v8:content>
				</v8:item>
				<v8:item>
					<v8:lang>en</v8:lang>
					<v8:content>Открывать это окно при следующем обновлении расширения</v8:content>
				</v8:item>
				<v8:item>
					<v8:lang>uk</v8:lang>
					<v8:content>Открывать это окно при следующем обновлении расширения</v8:content>
				</v8:item>
			</Title>
			<TitleLocation>Right</TitleLocation>
			<ToolTip>
				<v8:item>
					<v8:lang>ru</v8:lang>
					<v8:content>Чтобы адаптация сохранялась при обновлении, ее нужно выполнять заново. Флажок устанавливается автоматически при выполнении адаптации.</v8:content>
				</v8:item>
				<v8:item>
					<v8:lang>en</v8:lang>
					<v8:content>Чтобы адаптация сохранялась при обновлении, ее нужно выполнять заново. Флажок устанавливается автоматически при выполнении адаптации.</v8:content>
				</v8:item>
				<v8:item>
					<v8:lang>uk</v8:lang>
					<v8:content>Чтобы адаптация сохранялась при обновлении, ее нужно выполнять заново. Флажок устанавливается автоматически при выполнении адаптации.</v8:content>
				</v8:item>
			</ToolTip>
			<CheckBoxType>Auto</CheckBoxType>
			<ContextMenu name="ИспользованиеКонтекстноеМеню" id="78"/>
			<ExtendedTooltip name="ИспользованиеРасширеннаяПодсказка" id="79"/>
		</CheckBoxField>
		<LabelDecoration name="Декорация3" id="74">
			<AutoMaxWidth>false</AutoMaxWidth>
			<HorizontalStretch>true</HorizontalStretch>
			<TextColor>style:FieldSelectionBackColor</TextColor>
			<Title formatted="false">
				<v8:item>
					<v8:lang>ru</v8:lang>
					<v8:content>При выполнении адаптации используется конфигуратор текущей базы. После завершения операции для вступления изменений в силу сеанс будет перезапущен.
</v8:content>
				</v8:item>
				<v8:item>
					<v8:lang>en</v8:lang>
					<v8:content>При выполнении адаптации используется конфигуратор текущей базы. После завершения операции для вступления изменений в силу сеанс будет перезапущен.
</v8:content>
				</v8:item>
				<v8:item>
					<v8:lang>uk</v8:lang>
					<v8:content>При выполнении адаптации используется конфигуратор текущей базы. После завершения операции для вступления изменений в силу сеанс будет перезапущен.
</v8:content>
				</v8:item>
			</Title>
			<ContextMenu name="Декорация3КонтекстноеМеню" id="75"/>
			<ExtendedTooltip name="Декорация3РасширеннаяПодсказка" id="76"/>
		</LabelDecoration>
		<UsualGroup name="Группа3" id="80">
			<Group>AlwaysHorizontal</Group>
			<Representation>None</Representation>
			<ShowTitle>false</ShowTitle>
			<ExtendedTooltip name="Группа3РасширеннаяПодсказка" id="81"/>
			<ChildItems>
				<InputField name="ИмяПользователя" id="82">
					<DataPath>ИмяПользователя</DataPath>
					<DropListButton>true</DropListButton>
					<ContextMenu name="ИмяПользователяКонтекстноеМеню" id="83"/>
					<ExtendedTooltip name="ИмяПользователяРасширеннаяПодсказка" id="84"/>
				</InputField>
				<InputField name="ПарольПользователя" id="85">
					<DataPath>ПарольПользователя</DataPath>
					<ToolTip>
						<v8:item>
							<v8:lang>ru</v8:lang>
							<v8:content>Пароль не сохраняется и используется для многократного запуска конфигуратора из текущего сеанса.</v8:content>
						</v8:item>
						<v8:item>
							<v8:lang>en</v8:lang>
							<v8:content>Пароль не сохраняется и используется для многократного запуска конфигуратора из текущего сеанса.</v8:content>
						</v8:item>
						<v8:item>
							<v8:lang>uk</v8:lang>
							<v8:content>Пароль не сохраняется и используется для многократного запуска конфигуратора из текущего сеанса.</v8:content>
						</v8:item>
					</ToolTip>
					<PasswordMode>true</PasswordMode>
					<ContextMenu name="ПарольПользователяКонтекстноеМеню" id="86"/>
					<ExtendedTooltip name="ПарольПользователяРасширеннаяПодсказка" id="87"/>
				</InputField>
			</ChildItems>
		</UsualGroup>
		<CheckBoxField name="ДобавитьРольВсеПрава" id="68">
			<DataPath>СгенерироватьРольВсеПрава</DataPath>
			<Visible>false</Visible>
			<Title>
				<v8:item>
					<v8:lang>ru</v8:lang>
					<v8:content>Сгенерировать роль ирВсеПрава</v8:content>
				</v8:item>
				<v8:item>
					<v8:lang>en</v8:lang>
					<v8:content>Сгенерировать роль ирВсеПрава</v8:content>
				</v8:item>
				<v8:item>
					<v8:lang>uk</v8:lang>
					<v8:content>Сгенерировать роль ирВсеПрава</v8:content>
				</v8:item>
			</Title>
			<TitleLocation>Right</TitleLocation>
			<ToolTip>
				<v8:item>
					<v8:lang>ru</v8:lang>
					<v8:content>Обеспечит доступ на чтение ко всем таблицам в базе. Эта роль будет добавляться пользователю при автоматическом добавлении роли ирРазработчик</v8:content>
				</v8:item>
				<v8:item>
					<v8:lang>en</v8:lang>
					<v8:content>Обеспечит доступ на чтение ко всем таблицам в базе. Эта роль будет добавляться пользователю при автоматическом добавлении роли ирРазработчик</v8:content>
				</v8:item>
				<v8:item>
					<v8:lang>uk</v8:lang>
					<v8:content>Обеспечит доступ на чтение ко всем таблицам в базе. Эта роль будет добавляться пользователю при автоматическом добавлении роли ирРазработчик</v8:content>
				</v8:item>
			</ToolTip>
			<ToolTipRepresentation>ShowAuto</ToolTipRepresentation>
			<CheckBoxType>Auto</CheckBoxType>
			<ContextMenu name="ДобавитьРольВсеПраваКонтекстноеМеню" id="69"/>
			<ExtendedTooltip name="ДобавитьРольВсеПраваРасширеннаяПодсказка" id="70">
				<AutoMaxWidth>false</AutoMaxWidth>
				<TextColor>style:FieldSelectionBackColor</TextColor>
			</ExtendedTooltip>
		</CheckBoxField>
		<CheckBoxField name="ПодключитьОтладкуВнешнихОбработокБСП" id="71">
			<DataPath>ПодключитьОтладкуВнешнихОбработокБСП</DataPath>
			<TitleLocation>Right</TitleLocation>
			<ToolTip>
				<v8:item>
					<v8:lang>ru</v8:lang>
					<v8:content>Расширение модулей БСП 2.4+ необходимо для работы инструмента "Отладка внешних обработок БСП"</v8:content>
				</v8:item>
				<v8:item>
					<v8:lang>en</v8:lang>
					<v8:content>Расширение модулей БСП 2.4+ необходимо для работы инструмента "Отладка внешних обработок БСП"</v8:content>
				</v8:item>
				<v8:item>
					<v8:lang>uk</v8:lang>
					<v8:content>Расширение модулей БСП 2.4+ необходимо для работы инструмента "Отладка внешних обработок БСП"</v8:content>
				</v8:item>
			</ToolTip>
			<ToolTipRepresentation>ShowAuto</ToolTipRepresentation>
			<CheckBoxType>Auto</CheckBoxType>
			<ContextMenu name="ПодключитьОтладкуВнешнихОбработокБСПКонтекстноеМеню" id="72"/>
			<ExtendedTooltip name="ПодключитьОтладкуВнешнихОбработокБСПРасширеннаяПодсказка" id="73">
				<AutoMaxWidth>false</AutoMaxWidth>
				<TextColor>style:FieldSelectionBackColor</TextColor>
			</ExtendedTooltip>
		</CheckBoxField>
	</ChildItems>
	<Attributes>
		<Attribute name="СгенерироватьРольВсеПрава" id="3">
			<Title>
				<v8:item>
					<v8:lang>ru</v8:lang>
					<v8:content>Сгенерировать роль все права</v8:content>
				</v8:item>
				<v8:item>
					<v8:lang>en</v8:lang>
					<v8:content>Сгенерировать роль все права</v8:content>
				</v8:item>
				<v8:item>
					<v8:lang>uk</v8:lang>
					<v8:content>Сгенерировать роль все права</v8:content>
				</v8:item>
			</Title>
			<Type>
				<v8:Type>xs:boolean</v8:Type>
			</Type>
		</Attribute>
		<Attribute name="ПодключитьОтладкуВнешнихОбработокБСП" id="4">
			<Title>
				<v8:item>
					<v8:lang>ru</v8:lang>
					<v8:content>Подключить отладку внешних обработок БСП</v8:content>
				</v8:item>
				<v8:item>
					<v8:lang>en</v8:lang>
					<v8:content>Подключить отладку внешних обработок БСП</v8:content>
				</v8:item>
				<v8:item>
					<v8:lang>uk</v8:lang>
					<v8:content>Подключить отладку внешних обработок БСП</v8:content>
				</v8:item>
			</Title>
			<Type>
				<v8:Type>xs:boolean</v8:Type>
			</Type>
		</Attribute>
		<Attribute name="ОткрыватьАдаптациюПриОбновлении" id="5">
			<Title>
				<v8:item>
					<v8:lang>ru</v8:lang>
					<v8:content>Открывать адаптацию при обновлении</v8:content>
				</v8:item>
				<v8:item>
					<v8:lang>en</v8:lang>
					<v8:content>Открывать адаптацию при обновлении</v8:content>
				</v8:item>
				<v8:item>
					<v8:lang>uk</v8:lang>
					<v8:content>Открывать адаптацию при обновлении</v8:content>
				</v8:item>
			</Title>
			<Type>
				<v8:Type>xs:boolean</v8:Type>
			</Type>
		</Attribute>
		<Attribute name="ИмяПользователя" id="6">
			<Title>
				<v8:item>
					<v8:lang>ru</v8:lang>
					<v8:content>Имя пользователя</v8:content>
				</v8:item>
				<v8:item>
					<v8:lang>en</v8:lang>
					<v8:content>Имя пользователя</v8:content>
				</v8:item>
				<v8:item>
					<v8:lang>uk</v8:lang>
					<v8:content>Имя пользователя</v8:content>
				</v8:item>
			</Title>
			<Type>
				<v8:Type>xs:string</v8:Type>
				<v8:StringQualifiers>
					<v8:Length>100</v8:Length>
					<v8:AllowedLength>Variable</v8:AllowedLength>
				</v8:StringQualifiers>
			</Type>
		</Attribute>
		<Attribute name="ПарольПользователя" id="7">
			<Title>
				<v8:item>
					<v8:lang>ru</v8:lang>
					<v8:content>Пароль пользователя</v8:content>
				</v8:item>
				<v8:item>
					<v8:lang>en</v8:lang>
					<v8:content>Пароль пользователя</v8:content>
				</v8:item>
				<v8:item>
					<v8:lang>uk</v8:lang>
					<v8:content>Пароль пользователя</v8:content>
				</v8:item>
			</Title>
			<Type>
				<v8:Type>xs:string</v8:Type>
				<v8:StringQualifiers>
					<v8:Length>50</v8:Length>
					<v8:AllowedLength>Variable</v8:AllowedLength>
				</v8:StringQualifiers>
			</Type>
		</Attribute>
		<Attribute name="ПодключитьОтладкуОтчетов" id="8">
			<Title>
				<v8:item>
					<v8:lang>ru</v8:lang>
					<v8:content>Команда отладки отчета</v8:content>
				</v8:item>
				<v8:item>
					<v8:lang>en</v8:lang>
					<v8:content>Команда отладки отчета</v8:content>
				</v8:item>
				<v8:item>
					<v8:lang>uk</v8:lang>
					<v8:content>Команда отладки отчета</v8:content>
				</v8:item>
			</Title>
			<Type>
				<v8:Type>xs:boolean</v8:Type>
			</Type>
		</Attribute>
	</Attributes>
	<Commands>
		<Command name="Выполнить" id="1">
			<Title>
				<v8:item>
					<v8:lang>ru</v8:lang>
					<v8:content>Выполнить</v8:content>
				</v8:item>
				<v8:item>
					<v8:lang>en</v8:lang>
					<v8:content>Выполнить</v8:content>
				</v8:item>
				<v8:item>
					<v8:lang>uk</v8:lang>
					<v8:content>Выполнить</v8:content>
				</v8:item>
			</Title>
			<ToolTip>
				<v8:item>
					<v8:lang>ru</v8:lang>
					<v8:content>Выполнить адаптацию расширения конфигурации</v8:content>
				</v8:item>
				<v8:item>
					<v8:lang>en</v8:lang>
					<v8:content>Выполнить адаптацию расширения конфигурации</v8:content>
				</v8:item>
				<v8:item>
					<v8:lang>uk</v8:lang>
					<v8:content>Выполнить адаптацию расширения конфигурации</v8:content>
				</v8:item>
			</ToolTip>
			<Action>ВыполнитьОперацию</Action>
			<CurrentRowUse>DontUse</CurrentRowUse>
		</Command>
	</Commands>
	<Parameters>
		<Parameter name="Автооткрытие">
			<Type>
				<v8:Type>xs:boolean</v8:Type>
			</Type>
		</Parameter>
	</Parameters>
</Form>